label,anterior,labial,back,high,ATR,lateral,distributed,LONG,spread,low,syllabic,continuant,nasal,sonorant,coronal,tense,constr,vocalic,strident,EXTRA,consonantal,voice,round,freq
k,-,-,+,+,0,0,0,-,-,-,-,-,-,-,-,+,-,-,-,-,+,-,-,496
p,+,+,-,-,0,0,+,-,-,-,-,-,-,-,-,+,-,-,-,-,+,-,-,447
t,+,-,-,-,0,-,-,-,-,-,-,-,-,-,+,+,-,-,-,-,+,-,-,415
b,+,+,-,-,0,0,+,-,-,-,-,-,-,-,-,+,-,-,-,-,+,+,-,393
ɡ,-,-,+,+,0,0,0,-,-,-,-,-,-,-,-,+,-,-,-,-,+,+,-,362
d,+,-,-,-,0,-,-,-,-,-,-,-,-,-,+,+,-,-,-,-,+,+,-,320
tʃ,-,-,-,+,0,-,+,-,-,-,-,-,-,-,+,0,-,-,+,-,+,-,-,219
dʒ,-,-,-,+,0,-,+,-,-,-,-,-,-,-,+,0,-,-,+,-,+,+,-,147
ts,+,-,-,-,0,-,-,-,-,-,-,-,-,-,+,0,-,-,+,-,+,-,-,125
t̪,+,-,-,-,0,-,+,-,-,-,-,-,-,-,+,0,-,-,-,-,+,-,-,109
c,-,-,-,+,0,0,0,-,-,-,-,-,-,-,-,0,-,-,-,-,+,-,-,87
d̪,+,-,-,-,0,-,+,-,-,-,-,-,-,-,+,0,-,-,-,-,+,+,-,87
kʷ,-,+,+,+,0,0,0,-,-,-,-,-,-,-,-,0,-,-,-,-,+,-,+,83
pʰ,+,+,-,-,0,0,+,-,+,-,-,-,-,-,-,+,-,-,-,-,+,-,-,75
kʰ,-,-,+,+,0,0,0,-,+,-,-,-,-,-,-,+,-,-,-,-,+,-,-,72
ɟ,-,-,-,+,0,0,0,-,-,-,-,-,-,-,-,0,-,-,-,-,+,+,-,69
tʰ,+,-,-,-,0,-,-,-,+,-,-,-,-,-,+,+,-,-,-,-,+,-,-,65
dz,+,-,-,-,0,-,-,-,-,-,-,-,-,-,+,0,-,-,+,-,+,+,-,60
kʼ,-,-,+,+,0,0,0,-,-,-,-,-,-,-,-,+,+,-,-,-,+,-,-,59
ʈ,-,-,-,-,0,-,-,-,-,-,-,-,-,-,+,0,-,-,-,-,+,-,-,55
ɓ,+,+,-,-,0,0,+,-,-,-,-,-,-,-,-,0,+,-,-,-,+,+,-,53
k͡p,+,+,+,+,0,0,0,-,-,-,-,-,-,-,-,+,-,-,-,-,+,-,-,52
ᵐb,+,+,-,-,0,0,+,-,-,-,-,-,+,-,-,-,-,-,-,-,+,+,-,52
ɖ,-,-,-,-,0,-,-,-,-,-,-,-,-,-,+,0,-,-,-,-,+,+,-,52
ɡ͡b,+,+,+,+,0,0,0,-,-,-,-,-,-,-,-,+,-,-,-,-,+,+,-,51
pʼ,+,+,-,-,0,0,+,-,-,-,-,-,-,-,-,+,+,-,-,-,+,-,-,50
ᵑɡ,-,-,+,+,0,0,0,-,-,-,-,-,+,-,-,-,-,-,-,-,+,+,-,48
q,-,-,+,-,0,0,0,-,-,-,-,-,-,-,-,0,-,-,-,-,+,-,-,47
ⁿd,+,-,-,-,0,-,-,-,-,-,-,-,+,-,+,-,-,-,-,-,+,+,-,47
ɡʷ,-,+,+,+,0,0,0,-,-,-,-,-,-,-,-,0,-,-,-,-,+,+,+,45
ɗ,+,-,-,-,0,-,-,-,-,-,-,-,-,-,+,0,+,-,-,-,+,+,-,45
tʃʼ,-,-,-,+,0,-,+,-,-,-,-,-,-,-,+,+,+,-,+,-,+,-,-,45
tʼ,+,-,-,-,0,-,-,-,-,-,-,-,-,-,+,+,+,-,-,-,+,-,-,44
tʃʰ,-,-,-,+,0,-,+,-,+,-,-,-,-,-,+,+,-,-,+,-,+,-,-,36
tsʼ,+,-,-,-,0,-,-,-,-,-,-,-,-,-,+,+,+,-,+,-,+,-,-,33
tsʰ,+,-,-,-,0,-,-,-,+,-,-,-,-,-,+,+,-,-,+,-,+,-,-,30
qʼ,-,-,+,-,0,0,0,-,-,-,-,-,-,-,-,+,+,-,-,-,+,-,-,25
t̪ʰ,+,-,-,-,0,-,+,-,+,-,-,-,-,-,+,+,-,-,-,-,+,-,-,22
t̪ʼ,+,-,-,-,0,-,+,-,-,-,-,-,-,-,+,+,+,-,-,-,+,-,-,21
kʼʷ,-,+,+,+,0,0,0,-,-,-,-,-,-,-,-,+,+,-,-,-,+,-,+,19
kʲ,-,-,-,+,0,0,0,-,-,-,-,-,-,-,-,0,-,-,-,-,+,-,-,18
ʈʰ,-,-,-,-,0,-,-,-,+,-,-,-,-,-,+,+,-,-,-,-,+,-,-,18
qʷ,-,+,+,-,0,0,0,-,-,-,-,-,-,-,-,0,-,-,-,-,+,-,+,17
ɡʰ,-,-,+,+,0,0,0,-,+,-,-,-,-,-,-,+,-,-,-,-,+,+,-,16
tʲ,+,-,-,+,0,-,-,-,-,-,-,-,-,-,+,0,-,-,-,-,+,-,-,16
dʲ,+,-,-,+,0,-,-,-,-,-,-,-,-,-,+,0,-,-,-,-,+,+,-,16
bʰ,+,+,-,-,0,0,+,-,+,-,-,-,-,-,-,+,-,-,-,-,+,+,-,16
ⁿdʒ,-,-,-,+,0,-,+,-,-,-,-,-,+,-,+,-,-,-,+,-,+,+,-,14
tɬʼ,+,-,-,-,0,+,0,-,-,-,-,-,-,-,+,+,+,-,-,-,+,-,-,13
ɖʰ,-,-,-,-,0,-,-,-,+,-,-,-,-,-,+,+,-,-,-,-,+,+,-,13
tɬ,+,-,-,-,0,+,0,-,-,-,-,-,-,-,+,0,-,-,-,-,+,-,-,12
ⁿdz,+,-,-,-,0,-,-,-,-,-,-,-,+,-,+,-,-,-,+,-,+,+,-,11
t̪s̪,+,-,-,-,0,-,+,-,-,-,-,-,-,-,+,0,-,-,+,-,+,-,-,11
qʼʷ,-,+,+,-,0,0,0,-,-,-,-,-,-,-,-,+,+,-,-,-,+,-,+,11
ʄ,-,-,-,+,0,0,0,-,-,-,-,-,-,-,-,0,+,-,-,-,+,+,-,11
cʰ,-,-,-,+,0,0,0,-,+,-,-,-,-,-,-,+,-,-,-,-,+,-,-,11
ⁿɟ,-,-,-,+,0,0,0,-,-,-,-,-,+,-,-,-,-,-,-,-,+,+,-,11
ɡʲ,-,-,-,+,0,0,0,-,-,-,-,-,-,-,-,0,-,-,-,-,+,+,-,10
pʲ,+,+,-,+,0,0,+,-,-,-,-,-,-,-,-,0,-,-,-,-,+,-,-,10
dʒʰ,-,-,-,+,0,-,+,-,+,-,-,-,-,-,+,+,-,-,+,-,+,+,-,10
cç,-,-,-,+,0,0,0,-,-,-,-,-,-,-,-,0,-,-,-,-,+,-,-,10
pʷ,+,+,-,-,0,0,+,-,-,-,-,-,-,-,-,0,-,-,-,-,+,-,+,9
ʈʂ,-,-,-,-,0,-,-,-,-,-,-,-,-,-,+,0,-,-,+,-,+,-,-,9
qʰ,-,-,+,-,0,0,0,-,+,-,-,-,-,-,-,+,-,-,-,-,+,-,-,9
bʷ,+,+,-,-,0,0,+,-,-,-,-,-,-,-,-,0,-,-,-,-,+,+,+,9
dʰ,+,-,-,-,0,-,-,-,+,-,-,-,-,-,+,+,-,-,-,-,+,+,-,8
pf,+,+,-,-,0,0,-,-,-,-,-,-,-,-,-,-,-,-,+,-,+,-,-,8
d̪ʰ,+,-,-,-,0,-,+,-,+,-,-,-,-,-,+,+,-,-,-,-,+,+,-,8
bʲ,+,+,-,+,0,0,+,-,-,-,-,-,-,-,-,0,-,-,-,-,+,+,-,8
cʼ,-,-,-,+,0,0,0,-,-,-,-,-,-,-,-,+,+,-,-,-,+,-,-,8
ɟʝ,-,-,-,+,0,0,0,-,-,-,-,-,-,-,-,0,-,-,-,-,+,+,-,7
ᵑɡʷ,-,+,+,+,0,0,0,-,-,-,-,-,+,-,-,-,-,-,-,-,+,+,+,7
ᵐp,+,+,-,-,0,0,+,-,-,-,-,-,+,-,-,0,-,-,-,-,+,-,-,7
ɢ,-,-,+,-,0,0,0,-,-,-,-,-,-,-,-,0,-,-,-,-,+,+,-,7
ɠ,-,-,+,+,0,0,0,-,-,-,-,-,-,-,-,0,+,-,-,-,+,+,-,7
ᵑk,-,-,+,+,0,0,0,-,-,-,-,-,+,-,-,0,-,-,-,-,+,-,-,7
ⁿd̪,+,-,-,-,0,-,+,-,-,-,-,-,+,-,+,-,-,-,-,-,+,+,-,7
d̪ʲ,+,-,-,+,0,-,+,-,-,-,-,-,-,-,+,0,-,-,-,-,+,+,-,7
bv,+,+,-,-,0,0,-,-,-,-,-,-,-,-,-,-,-,-,+,-,+,+,-,6
dl,+,-,-,-,0,+,-,-,-,-,-,-,-,-,+,0,-,-,-,-,+,+,-,6
ⁿt,+,-,-,-,0,-,-,-,-,-,-,-,+,-,+,0,-,-,-,-,+,-,-,6
d̪z̪,+,-,-,-,0,-,+,-,-,-,-,-,-,-,+,0,-,-,+,-,+,+,-,6
ǀ,+,-,+,+,0,-,+,-,-,-,-,-,-,-,+,0,-,-,-,-,+,-,-,6
kʰʷ,-,+,+,+,0,0,0,-,+,-,-,-,-,-,-,+,-,-,-,-,+,-,+,6
k̂͡p̂,+,+,+,+,0,0,0,-,-,-,-,-,-,-,-,-,-,-,-,-,+,-,-,5
kː,-,-,+,+,0,0,0,+,-,-,-,-,-,-,-,-,-,-,-,-,+,-,-,5
t̪ʲ,+,-,-,+,0,-,+,-,-,-,-,-,-,-,+,0,-,-,-,-,+,-,-,5
tˤ,+,-,+,-,0,-,-,-,-,+,-,-,-,-,+,0,-,-,-,-,+,-,-,5
ǃ,+,-,+,+,0,-,-,-,-,-,-,-,-,-,+,-,-,-,-,-,+,-,-,5
tlʼ,+,-,-,-,0,+,-,-,-,-,-,-,-,-,+,+,+,-,-,-,+,-,-,5
cɕ,-,-,-,+,0,-,+,-,-,-,-,-,-,-,0,0,-,-,-,-,+,-,-,4
cɕʰ,-,-,-,+,0,-,+,-,+,-,-,-,-,-,0,+,-,-,-,-,+,-,-,4
ɡ̂͡b̂,+,+,+,+,0,0,0,-,-,-,-,-,-,-,-,-,-,-,-,-,+,+,-,4
nǀ,+,-,+,+,0,-,+,-,-,-,-,-,+,-,+,0,-,-,-,-,+,-,-,4
dʷ,+,+,-,-,0,-,-,-,-,-,-,-,-,-,+,0,-,-,-,-,+,+,+,4
ⁿtʃ,-,-,-,+,0,-,+,-,-,-,-,-,+,-,+,0,-,-,+,-,+,-,-,4
ǃʰ,+,-,+,+,0,-,-,-,+,-,-,-,-,-,+,+,-,-,-,-,+,-,-,4
tʷ,+,+,-,-,0,-,-,-,-,-,-,-,-,-,+,0,-,-,-,-,+,-,+,4
ǁ,+,-,+,+,0,+,0,-,-,-,-,-,-,-,+,-,-,-,-,-,+,-,-,4
ǀʰ,+,-,+,+,0,-,+,-,+,-,-,-,-,-,+,+,-,-,-,-,+,-,-,4
ɡǀ,+,-,+,+,0,-,+,-,-,-,-,-,-,-,+,-,-,-,-,-,+,+,-,4
ɡ̂,-,-,+,+,0,0,0,-,-,-,-,-,-,-,-,-,-,-,-,-,+,+,-,4
ᵑɡ͡b,+,+,+,+,0,0,0,-,-,-,-,-,+,-,-,0,-,-,-,-,+,+,-,4
t̪ˤ,+,-,+,-,0,-,+,-,-,+,-,-,-,-,+,0,-,-,-,-,+,-,-,4
tθʼ,+,-,-,-,0,-,0,-,-,-,-,-,-,-,+,+,+,-,-,-,+,-,-,4
ʈʂʼ,-,-,-,-,0,-,-,-,-,-,-,-,-,-,+,+,+,-,+,-,+,-,-,4
kʷʼ,-,+,+,+,0,0,0,-,-,-,-,-,-,-,-,+,+,-,-,-,+,-,+,4
k̂,-,-,+,+,0,0,0,-,-,-,-,-,-,-,-,-,-,-,-,-,+,-,-,4
tsʲ,+,-,-,+,0,-,-,-,-,-,-,-,-,-,+,0,-,-,+,-,+,-,-,4
tl,+,-,-,-,0,+,-,-,-,-,-,-,-,-,+,0,-,-,-,-,+,-,-,3
kxʰ,-,-,+,+,0,0,0,-,+,-,-,-,-,-,-,+,-,-,-,-,+,-,-,3
kxʼ,-,-,+,+,0,0,0,-,-,-,-,-,-,-,-,+,+,-,-,-,+,-,-,3
tɕ,-,-,-,+,0,-,+,-,-,-,-,-,-,-,+,0,-,-,+,-,+,-,-,3
ǁʰ,+,-,+,+,0,+,0,-,+,-,-,-,-,-,+,+,-,-,-,-,+,-,-,3
nǁ,+,-,+,+,0,+,0,-,-,-,-,-,+,-,+,0,-,-,-,-,+,-,-,3
nǃ,+,-,+,+,0,-,-,-,-,-,-,-,+,-,+,0,-,-,-,-,+,-,-,3
ⁿts,+,-,-,-,0,-,-,-,-,-,-,-,+,-,+,0,-,-,+,-,+,-,-,3
dzʷ,+,+,-,-,0,-,-,-,-,-,-,-,-,-,+,0,-,-,+,-,+,+,+,3
tʃʷ,-,+,-,+,0,-,+,-,-,-,-,-,-,-,+,0,-,-,+,-,+,-,+,3
pː,+,+,-,-,0,0,+,+,-,-,-,-,-,-,-,0,-,-,-,-,+,-,-,3
tː,+,-,-,-,0,-,-,+,-,-,-,-,-,-,+,-,-,-,-,-,+,-,-,3
t̂,+,-,-,-,0,-,-,-,-,-,-,-,-,-,+,-,-,-,-,-,+,-,-,3
ɡǃ,+,-,+,+,0,-,-,-,-,-,-,-,-,-,+,-,-,-,-,-,+,+,-,3
ɡǁ,+,-,+,+,0,+,0,-,-,-,-,-,-,-,+,-,-,-,-,-,+,+,-,3
ǂ,-,-,+,+,0,-,+,-,-,-,-,-,-,-,+,-,-,-,-,-,+,-,-,3
d̂,+,-,-,-,0,-,-,-,-,-,-,-,-,-,+,-,-,-,-,-,+,+,-,3
ɓʷ,+,+,-,-,0,0,+,-,-,-,-,-,-,-,-,0,+,-,-,-,+,+,+,3
ʈʂʰ,-,-,-,-,0,-,-,-,+,-,-,-,-,-,+,+,-,-,+,-,+,-,-,3
kʼʲ,-,-,-,+,0,0,0,-,-,-,-,-,-,-,-,+,+,-,-,-,+,-,-,3
tsʷ,+,+,-,-,0,-,-,-,-,-,-,-,-,-,+,0,-,-,+,-,+,-,+,3
ⁿdl,+,-,-,-,0,+,-,-,-,-,-,-,+,-,+,0,-,-,-,-,+,+,-,2
bˤ,+,+,+,-,0,0,+,-,-,+,-,-,-,-,-,0,-,-,-,-,+,+,-,2
ɗʷ,+,+,-,-,0,-,-,-,-,-,-,-,-,-,+,0,+,-,-,-,+,+,+,2
d̪ˤ,+,-,+,-,0,-,+,-,-,+,-,-,-,-,+,0,-,-,-,-,+,+,-,2
ɟʰ,-,-,-,+,0,0,0,-,+,-,-,-,-,-,-,+,-,-,-,-,+,+,-,2
ᵑᵐɡ͡b,+,+,+,+,0,0,0,-,-,-,-,-,+,-,-,-,-,-,-,-,+,+,-,2
ⁿc,-,-,-,+,0,0,0,-,-,-,-,-,+,-,-,0,-,-,-,-,+,-,-,2
qʰʷ,-,+,+,-,0,0,0,-,+,-,-,-,-,-,-,+,-,-,-,-,+,-,+,2
pʲʰ,+,+,-,+,0,0,+,-,+,-,-,-,-,-,-,+,-,-,-,-,+,-,-,2
b̂,+,+,-,-,0,0,+,-,-,-,-,-,-,-,-,-,-,-,-,-,+,+,-,2
b͡ɡ,0,0,0,0,0,0,0,-,-,-,-,-,-,-,-,0,-,-,-,-,+,+,-,2
ɖʐ,-,-,-,-,0,-,-,-,-,-,-,-,-,-,+,0,-,-,+,-,+,+,-,2
ɗ̪,+,-,-,-,0,-,+,-,-,-,-,-,-,-,+,0,+,-,-,-,+,+,-,2
tʼʷ,+,+,-,-,0,-,-,-,-,-,-,-,-,-,+,+,+,-,-,-,+,-,+,2
ǃn,+,-,+,+,0,-,-,-,-,-,-,-,+,-,+,-,-,-,-,-,+,-,-,2
ⁿɖ,-,-,-,-,0,-,-,-,-,-,-,-,+,-,+,-,-,-,-,-,+,+,-,2
qː,-,-,+,-,0,0,0,+,-,-,-,-,-,-,-,0,-,-,-,-,+,-,-,2
qˤ,-,-,+,-,0,0,0,-,-,+,-,-,-,-,-,0,-,-,-,-,+,-,-,2
nɡǀ,+,-,+,+,0,-,+,-,-,-,-,-,+,-,+,0,-,-,-,-,+,+,-,2
tʰʷ,+,+,-,-,0,-,-,-,+,-,-,-,-,-,+,+,-,-,-,-,+,-,+,2
dzʲ,+,-,-,+,0,-,-,-,-,-,-,-,-,-,+,0,-,-,+,-,+,+,-,2
dʑ,-,-,-,+,0,-,+,-,-,-,-,-,-,-,+,0,-,-,+,-,+,+,-,2
t̪s̪ʼ,+,-,-,-,0,-,+,-,-,-,-,-,-,-,+,+,+,-,+,-,+,-,-,2
tʃʲ,-,-,-,+,0,-,+,-,-,-,-,-,-,-,+,0,-,-,+,-,+,-,-,2
d̻ʑ,-,-,-,0,0,-,+,-,-,-,-,-,-,-,+,0,-,-,+,-,+,+,-,2
pˤ,+,+,+,-,0,0,+,-,-,+,-,-,-,-,-,0,-,-,-,-,+,-,-,2
ʘ,+,+,+,+,0,0,+,-,-,-,-,-,-,-,-,-,-,-,-,-,+,-,-,2
ᵐbʷ,+,+,-,-,0,0,+,-,-,-,-,-,+,-,-,-,-,-,-,-,+,+,+,2
tɬʰ,+,-,-,-,0,+,0,-,+,-,-,-,-,-,+,+,-,-,-,-,+,-,-,2
ɡǂ,-,-,+,+,0,-,+,-,-,-,-,-,-,-,+,-,-,-,-,-,+,+,-,2
d̻,+,-,-,-,0,-,+,-,-,-,-,-,-,-,+,0,-,-,-,-,+,+,-,2
t̻ɕʼ,-,-,-,0,0,-,+,-,-,-,-,-,-,-,+,+,+,-,+,-,+,-,-,2
pʃʰ,-,-,-,0,0,-,+,-,+,-,-,-,-,-,0,+,-,-,+,-,+,-,-,2
ʔd,+,-,-,-,0,-,-,-,-,-,-,-,-,-,+,+,+,-,-,-,+,+,-,2
ʔb,+,+,-,-,0,0,+,-,-,-,-,-,-,-,-,+,+,-,-,-,+,+,-,2
ǂʰ,-,-,+,+,0,-,+,-,+,-,-,-,-,-,+,+,-,-,-,-,+,-,-,2
dˤ,+,-,+,-,0,-,-,-,-,+,-,-,-,-,+,0,-,-,-,-,+,+,-,2
t̪ː,+,-,-,-,0,-,+,+,-,-,-,-,-,-,+,0,-,-,-,-,+,-,-,2
kʰʲ,-,-,-,+,0,0,0,-,+,-,-,-,-,-,-,+,-,-,-,-,+,-,-,2
bʼ,+,+,-,-,0,0,+,-,-,-,-,-,-,-,-,+,+,-,-,-,+,+,-,2
pfʰ,+,+,-,-,0,0,-,-,+,-,-,-,-,-,-,+,-,-,+,-,+,-,-,2
tç,-,-,-,0,0,-,0,-,-,-,-,-,-,-,0,0,-,-,-,-,+,-,-,2
tlʰ,+,-,-,-,0,+,-,-,+,-,-,-,-,-,+,+,-,-,-,-,+,-,-,2
tsʼʷ,+,+,-,-,0,-,-,-,-,-,-,-,-,-,+,+,+,-,+,-,+,-,+,2
k̀,-,-,+,+,0,0,0,-,-,-,-,-,-,-,-,+,-,-,-,-,+,-,-,2
t̻ɕ,-,-,-,0,0,-,+,-,-,-,-,-,-,-,+,0,-,-,+,-,+,-,-,2
cçʰ,-,-,-,+,0,0,0,-,+,-,-,-,-,-,-,+,-,-,-,-,+,-,-,2
cçʼ,-,-,-,+,0,0,0,-,-,-,-,-,-,-,-,+,+,-,-,-,+,-,-,2
ǀkxʔ,+,-,+,+,0,-,+,-,-,-,-,-,-,-,+,+,+,-,-,-,+,-,-,1
bː,+,+,-,-,0,0,+,+,-,-,-,-,-,-,-,0,-,-,-,-,+,+,-,1
ɠ͡ɓ,+,+,+,+,0,0,0,-,-,-,-,-,-,-,-,0,+,-,-,-,+,+,-,1
tz,+,-,-,-,0,-,-,-,-,-,-,-,-,-,+,0,-,-,+,-,+,-,-,1
bˡ,+,+,-,-,0,+,+,-,-,-,-,-,-,-,-,0,-,-,-,-,+,+,-,1
tx,0,-,0,0,0,-,0,-,-,0,-,-,-,-,0,-,-,-,-,-,+,-,-,1
tr,+,-,-,-,0,-,-,-,-,-,-,-,-,-,+,0,-,-,-,-,+,-,-,1
dːʒ,-,-,-,+,0,-,+,+,-,-,-,-,-,-,+,-,-,-,+,-,+,+,-,1
c,-,-,-,+,0,0,0,-,-,-,-,-,+,-,-,0,-,-,-,-,+,-,-,1
dð,+,-,-,-,0,-,0,-,-,-,-,-,-,-,+,0,-,-,-,-,+,+,-,1
mǃG,+,-,+,+,0,-,-,-,-,-,-,-,+,-,+,-,-,-,-,-,+,-,-,1
pʷʼ,+,+,-,-,0,0,+,-,-,-,-,-,-,-,-,+,+,-,-,-,+,-,+,1
ɗʒ,-,-,-,+,0,-,+,-,-,-,-,-,-,-,+,+,+,-,+,-,+,+,-,1
ǂkxʔ,-,-,+,+,0,-,+,-,-,-,-,-,-,-,+,+,+,-,-,-,+,-,-,1
ɡǀʰ,+,-,+,+,0,-,+,-,+,-,-,-,-,-,+,+,-,-,-,-,+,+,-,1
ʈⁿ,-,-,-,-,0,-,-,-,-,-,-,-,+,-,+,0,-,-,-,-,+,-,-,1
ᵐdʒ,-,-,-,+,0,-,+,-,-,-,-,-,+,-,+,-,-,-,+,-,+,+,-,1
d̪ː,+,-,-,-,0,-,+,+,-,-,-,-,-,-,+,0,-,-,-,-,+,+,-,1
ɲ̥cʃ,-,-,-,+,0,-,+,-,-,-,-,-,0,-,0,0,-,-,+,-,+,-,-,1
t̪ˤː,+,-,+,-,0,-,+,+,-,+,-,-,-,-,+,0,-,-,-,-,+,-,-,1
ɟʑ,-,-,-,+,0,-,+,-,-,-,-,-,-,-,0,0,-,-,-,-,+,+,-,1
ɟʷ,-,+,-,+,0,0,0,-,-,-,-,-,-,-,-,0,-,-,-,-,+,+,+,1
nd̥,+,-,-,-,0,-,-,-,-,-,-,-,+,-,+,-,-,-,-,-,+,-,-,1
kˤ,-,-,+,+,0,0,0,-,-,+,-,-,-,-,-,0,-,-,-,-,+,-,-,1
dʑɥ,-,+,-,+,0,-,+,-,-,-,-,-,-,-,+,0,-,-,+,-,+,+,+,1
mǀG,+,-,+,+,0,-,+,-,-,-,-,-,+,-,+,-,-,-,-,-,+,-,-,1
ǀx,+,-,+,+,0,-,+,-,-,-,-,-,-,-,+,-,-,-,-,-,+,-,-,1
ʔʘn,+,-,+,+,0,-,-,-,-,-,-,-,+,-,+,+,+,-,-,-,+,-,-,1
ǀq,+,-,+,+,0,-,+,-,-,-,-,-,-,-,+,-,-,-,-,-,+,-,-,1
ǀn,+,-,+,+,0,-,+,-,-,-,-,-,+,-,+,-,-,-,-,-,+,-,-,1
dzʼkxʼ,+,-,0,0,0,-,0,-,-,-,-,-,-,-,0,+,+,-,0,-,+,0,-,1
ᵐɡ͡b,+,+,+,+,0,0,0,-,-,-,-,-,+,-,-,-,-,-,-,-,+,+,-,1
b̥,+,+,-,-,0,0,+,-,-,-,-,-,-,-,-,0,-,-,-,-,+,-,-,1
ⁿdɮ,+,-,-,-,0,+,0,-,-,-,-,-,+,-,+,-,-,-,-,-,+,+,-,1
ɖ˞,-,-,-,-,0,-,-,-,-,-,-,-,-,-,+,0,+,-,-,-,+,-,-,1
tʃ̀,-,-,-,+,0,-,+,-,-,-,-,-,-,-,+,+,-,-,+,-,+,-,-,1
ᵐts,+,-,-,-,0,-,-,-,-,-,-,-,+,-,+,0,-,-,+,-,+,-,-,1
b̏,+,+,-,-,0,0,+,-,-,-,-,-,-,-,-,+,-,-,-,-,+,+,-,1
qʼʲ,-,-,-,+,0,0,0,-,-,-,-,-,-,-,-,+,+,-,-,-,+,-,-,1
ts̀,+,-,-,-,0,-,-,-,-,-,-,-,-,-,+,+,-,-,+,-,+,-,-,1
ǃqʰ,+,-,+,+,0,-,-,-,+,-,-,-,-,-,+,-,-,-,-,-,+,-,-,1
ɡǃʰ,+,-,+,+,0,-,-,-,+,-,-,-,-,-,+,+,-,-,-,-,+,+,-,1
ⁿdβ,+,0,-,-,0,-,0,-,-,-,-,-,+,-,0,-,-,-,-,-,+,+,-,1
t̪s̪ː,+,-,-,-,0,-,+,+,-,-,-,-,-,-,+,0,-,-,+,-,+,-,-,1
ʃ͡kʷ,-,+,0,+,0,-,+,-,-,-,-,-,-,-,+,0,-,-,-,-,+,-,+,1
b͡tʃ,-,-,-,0,0,-,0,-,-,-,-,-,-,-,0,0,-,-,+,-,+,0,-,1
ǃqʔ,+,-,+,+,0,-,-,-,-,-,-,-,-,-,+,+,+,-,-,-,+,-,-,1
k̀ʷ,-,+,+,+,0,0,0,-,-,-,-,-,-,-,-,+,-,-,-,-,+,-,+,1
ǁqʔ,+,-,+,+,0,+,0,-,-,-,-,-,-,-,+,+,+,-,-,-,+,-,-,1
tʂʼ,-,-,0,0,0,0,-,-,-,0,-,-,-,-,+,+,+,-,+,-,+,-,-,1
ʔǂn,-,-,+,+,0,-,+,-,-,-,-,-,+,-,+,+,+,-,-,-,+,-,-,1
ⁿtʃʼ,-,-,-,+,0,-,+,-,-,-,-,-,+,-,+,+,+,-,+,-,+,-,-,1
ǁqʰ,+,-,+,+,0,+,0,-,+,-,-,-,-,-,+,-,-,-,-,-,+,-,-,1
d̪z̪ʷ,+,+,-,-,0,-,+,-,-,-,-,-,-,-,+,0,-,-,+,-,+,+,+,1
b͡dʒ,-,-,-,0,0,-,0,-,-,-,-,-,-,-,0,0,-,-,+,-,+,+,-,1
ʘn̥,+,+,+,+,0,0,+,-,-,-,-,-,+,-,-,-,-,-,-,-,+,-,-,1
p͡k,0,0,0,0,0,0,0,-,-,-,-,-,-,-,-,0,-,-,-,-,+,-,-,1
kʷː,-,+,+,+,0,0,0,+,-,-,-,-,-,-,-,0,-,-,-,-,+,-,+,1
p͡t,+,0,-,-,0,-,0,-,-,-,-,-,-,-,0,0,-,-,-,-,+,-,-,1
ǁʔ,+,-,+,+,0,+,0,-,-,-,-,-,-,-,+,+,+,-,-,-,+,-,-,1
b͡dz,+,0,-,-,0,-,0,-,-,-,-,-,-,-,0,0,-,-,+,-,+,+,-,1
dx,0,-,0,0,0,-,0,-,-,0,-,-,-,-,0,-,-,-,-,-,+,0,-,1
tsjʰ,+,-,-,+,0,-,-,-,+,-,-,-,-,-,+,+,-,-,+,-,+,-,-,1
ⁿtɬ,+,-,-,-,0,+,0,-,-,-,-,-,+,-,+,0,-,-,-,-,+,-,-,1
ⁿtɸ,+,0,-,-,0,-,0,-,-,-,-,-,+,-,0,0,-,-,-,-,+,-,-,1
klʼ,-,-,+,+,0,+,0,-,-,-,-,-,-,-,-,+,+,-,-,-,+,-,-,1
pɸ,+,+,-,-,0,0,+,-,-,-,-,-,-,-,-,0,-,-,-,-,+,-,-,1
tsx,+,-,0,0,0,-,0,-,-,0,-,-,-,-,0,-,-,-,0,-,+,-,-,1
tʃʰʷ,-,+,-,+,0,-,+,-,+,-,-,-,-,-,+,+,-,-,+,-,+,-,+,1
ɡǂʰ,-,-,+,+,0,-,+,-,+,-,-,-,-,-,+,+,-,-,-,-,+,+,-,1
ɡǂx,-,-,+,+,0,-,+,-,-,-,-,-,-,-,+,-,-,-,-,-,+,+,-,1
ⁿdʲ,+,-,-,+,0,-,-,-,-,-,-,-,+,-,+,-,-,-,-,-,+,+,-,1
ɓ̥,+,+,-,-,0,0,+,-,-,-,-,-,-,-,-,0,+,-,-,-,+,-,-,1
ɟ̥,-,-,-,+,0,0,0,-,-,-,-,-,-,-,-,0,-,-,-,-,+,-,-,1
tɕɥ,-,+,-,+,0,-,+,-,-,-,-,-,-,-,+,0,-,-,-,-,+,-,+,1
tθ,+,-,-,-,0,-,0,-,-,-,-,-,-,-,+,0,-,-,-,-,+,-,-,1
d̪z̪ʲ,+,-,-,+,0,-,+,-,-,-,-,-,-,-,+,0,-,-,+,-,+,+,-,1
ɡʘ,+,+,+,+,0,0,+,-,-,-,-,-,-,-,-,-,-,-,-,-,+,+,-,1
t̻s̻,+,-,-,-,0,-,+,-,-,-,-,-,-,-,+,0,-,-,+,-,+,-,-,1
d̪ˤː,+,-,+,-,0,-,+,+,-,+,-,-,-,-,+,0,-,-,-,-,+,+,-,1
d̪ð,+,-,-,-,0,-,0,-,-,-,-,-,-,-,+,0,-,-,-,-,+,+,-,1
nǂ,-,-,+,+,0,-,+,-,-,-,-,-,+,-,+,0,-,-,-,-,+,-,-,1
tʃ͡kʷ,-,+,0,+,0,-,+,-,-,-,-,-,-,-,+,0,-,-,+,-,+,-,+,1
ǂn̥,-,-,+,+,0,-,+,-,-,-,-,-,+,-,+,-,-,-,-,-,+,-,-,1
dʼkxʼ,+,-,0,0,0,-,0,-,-,-,-,-,-,-,0,+,+,-,0,-,+,0,-,1
k͡pʲ,+,+,+,+,0,0,0,-,-,-,-,-,-,-,-,0,-,-,-,-,+,-,-,1
k͡pʷ,+,+,+,+,0,0,0,-,-,-,-,-,-,-,-,0,-,-,-,-,+,-,+,1
tçʰ,-,-,-,0,0,-,0,-,+,-,-,-,-,-,0,+,-,-,-,-,+,-,-,1
ǃkxʔ,+,-,+,+,0,-,-,-,-,-,-,-,-,-,+,+,+,-,-,-,+,-,-,1
b͡ɗ,+,0,-,-,0,-,0,-,-,-,-,-,-,-,0,+,+,-,+,-,+,+,-,1
t̪ʃ,0,-,-,0,0,-,+,-,-,-,-,-,-,-,0,0,-,-,+,-,+,-,-,1
ɢˤ,-,-,+,-,0,0,0,-,-,+,-,-,-,-,-,0,-,-,-,-,+,+,-,1
dʒ͡ɣʷ,-,+,0,+,0,-,+,-,-,-,-,-,-,-,+,0,-,-,0,-,+,+,+,1
s͡kʷ,+,+,0,0,0,-,0,-,-,-,-,-,-,-,0,0,-,-,-,-,+,-,+,1
ⁿtʰ,+,-,-,-,0,-,-,-,+,-,-,-,+,-,+,+,-,-,-,-,+,-,-,1
ɖʲ,-,-,-,-,0,-,-,-,-,-,-,-,-,-,+,0,-,-,-,-,+,+,-,1
ǃʔ,+,-,+,+,0,-,-,-,-,-,-,-,-,-,+,+,+,-,-,-,+,-,-,1
ǃʒ,+,-,+,+,0,-,-,-,-,-,-,-,-,-,+,0,-,-,-,-,+,-,-,1
dβ,+,0,-,-,0,-,0,-,-,-,-,-,-,-,0,0,-,-,-,-,+,+,-,1
ǃʃ,+,-,+,+,0,-,-,-,-,-,-,-,-,-,+,0,-,-,-,-,+,-,-,1
ǃd,+,-,+,+,0,-,-,-,-,-,-,-,-,-,+,0,-,-,-,-,+,-,-,1
ǃq,+,-,+,+,0,-,-,-,-,-,-,-,-,-,+,-,-,-,-,-,+,-,-,1
ǃs,+,-,+,+,0,-,-,-,-,-,-,-,-,-,+,0,-,-,-,-,+,-,-,1
ǃr,+,-,+,+,0,-,-,-,-,-,-,-,-,-,+,0,-,-,-,-,+,-,-,1
ɡʘʰ,+,+,+,+,0,0,+,-,+,-,-,-,-,-,-,+,-,-,-,-,+,+,-,1
ǃt,+,-,+,+,0,-,-,-,-,-,-,-,-,-,+,0,-,-,-,-,+,-,-,1
ǃx,+,-,+,+,0,-,-,-,-,-,-,-,-,-,+,-,-,-,-,-,+,-,-,1
ǃz,+,-,+,+,0,-,-,-,-,-,-,-,-,-,+,0,-,-,-,-,+,-,-,1
t̪θ,+,-,-,-,0,-,0,-,-,-,-,-,-,-,+,0,-,-,-,-,+,-,-,1
mǁG,+,-,+,+,0,+,0,-,-,-,-,-,+,-,+,-,-,-,-,-,+,+,-,1
tʂ,-,-,0,0,0,0,-,-,-,0,-,-,-,-,+,0,-,-,+,-,+,-,-,1
ɠʲ,-,-,-,+,0,0,0,-,-,-,-,-,-,-,-,0,+,-,-,-,+,+,-,1
ǂqʔ,-,-,+,+,0,-,+,-,-,-,-,-,-,-,+,+,+,-,-,-,+,-,-,1
tːʃ,-,-,-,+,0,-,+,+,-,-,-,-,-,-,+,-,-,-,+,-,+,-,-,1
ʘqʰ,+,+,+,+,0,0,+,-,+,-,-,-,-,-,-,-,-,-,-,-,+,-,-,1
ⁿdlʼ,+,-,-,-,0,+,-,-,-,-,-,-,+,-,+,+,+,-,-,-,+,+,-,1
kf,0,0,0,0,0,0,-,-,-,-,-,-,-,-,-,0,-,-,+,-,+,-,-,1
ɡ͡ɓ,+,+,+,+,0,0,0,-,-,-,-,-,-,-,-,+,+,-,-,-,+,+,-,1
ʄ̥,-,-,-,+,0,0,0,-,-,-,-,-,-,-,-,0,+,-,-,-,+,-,-,1
tɕʰ,-,-,-,+,0,-,+,-,+,-,-,-,-,-,+,+,-,-,+,-,+,-,-,1
tʱ,+,-,-,-,0,-,-,-,-,-,-,-,-,-,+,0,-,-,-,-,+,-,-,1
t̪s̪ʰ,+,-,-,-,0,-,+,-,+,-,-,-,-,-,+,+,-,-,+,-,+,-,-,1
ʘqʔ,+,+,+,+,0,0,+,-,-,-,-,-,-,-,-,+,+,-,-,-,+,-,-,1
pʱ,+,+,-,-,0,0,+,-,-,-,-,-,-,-,-,0,-,-,-,-,+,-,-,1
dʝ,-,-,-,0,0,-,0,-,-,-,-,-,-,-,0,0,-,-,-,-,+,+,-,1
ɡǁx,+,-,+,+,0,+,0,-,-,-,-,-,-,-,+,-,-,-,-,-,+,+,-,1
ʈɽ,-,-,-,-,0,-,-,-,-,-,-,-,-,-,+,0,-,-,-,-,+,-,-,1
d̻ʒ̻,-,-,-,0,0,-,+,-,-,-,-,-,-,-,+,0,-,-,+,-,+,+,-,1
nɡǁ,+,-,+,+,0,+,0,-,-,-,-,-,+,-,+,0,-,-,-,-,+,+,-,1
nɡǂ,-,-,+,+,0,-,+,-,-,-,-,-,+,-,+,0,-,-,-,-,+,+,-,1
nɡǃ,+,-,+,+,0,-,-,-,-,-,-,-,+,-,+,0,-,-,-,-,+,+,-,1
mʘG,+,+,+,+,0,0,+,-,-,-,-,-,+,-,-,-,-,-,-,-,+,-,-,1
ᵐt,+,-,-,-,0,-,-,-,-,-,-,-,+,-,+,0,-,-,-,-,+,-,-,1
tːʃː,-,-,-,+,0,-,+,+,-,-,-,-,-,-,+,0,-,-,+,+,+,-,-,1
tʃʷʼ,-,+,-,+,0,-,+,-,-,-,-,-,-,-,+,+,+,-,+,-,+,-,+,1
ᵐd,+,-,-,-,0,-,-,-,-,-,-,-,+,-,+,-,-,-,-,-,+,+,-,1
ɡʘkx,+,+,+,+,0,0,+,-,-,-,-,-,-,-,-,-,-,-,-,-,+,+,-,1
dzʼ,+,-,-,-,0,-,-,-,-,-,-,-,-,-,+,+,+,-,+,-,+,+,-,1
dzʰ,+,-,-,-,0,-,-,-,+,-,-,-,-,-,+,+,-,-,+,-,+,+,-,1
ʔǁn,+,-,+,+,0,+,0,-,-,-,-,-,+,-,+,+,+,-,-,-,+,-,-,1
tsʼkxʼ,+,-,0,0,0,-,0,-,-,-,-,-,-,-,0,+,+,-,0,-,+,-,-,1
dʼ,+,-,-,-,0,-,-,-,-,-,-,-,-,-,+,+,+,-,-,-,+,+,-,1
dʒ͡ɡ,-,-,0,+,0,-,+,-,-,-,-,-,-,-,+,0,-,-,+,-,+,+,-,1
dʐ,-,-,0,0,0,0,-,-,-,0,-,-,-,-,+,0,-,-,+,-,+,+,-,1
t̪s̪ʱ,+,-,-,-,0,-,+,-,-,-,-,-,-,-,+,0,-,-,+,-,+,-,-,1
tʃʱ,-,-,-,+,0,-,+,-,-,-,-,-,-,-,+,0,-,-,+,-,+,-,-,1
t̪ʷ,+,+,-,-,0,-,+,-,-,-,-,-,-,-,+,0,-,-,-,-,+,-,+,1
tⁿ,+,-,-,-,0,-,-,-,-,-,-,-,+,-,+,0,-,-,-,-,+,-,-,1
ⁿǀ,+,-,+,+,0,-,+,-,-,-,-,-,+,-,+,0,-,-,-,-,+,-,-,1
ɡˤ,-,-,+,+,0,0,0,-,-,+,-,-,-,-,-,0,-,-,-,-,+,+,-,1
ǀʔ,+,-,+,+,0,-,+,-,-,-,-,-,-,-,+,+,+,-,-,-,+,-,-,1
ɡkx’,-,-,+,+,0,0,0,-,-,-,-,-,-,-,-,+,+,-,-,-,+,0,-,1
tʼkxʼ,+,-,0,0,0,-,0,-,-,-,-,-,-,-,0,+,+,-,0,-,+,-,-,1
ɡː,-,-,+,+,0,0,0,+,-,-,-,-,-,-,-,0,-,-,-,-,+,+,-,1
ɡ̥,-,-,+,+,0,0,0,-,-,-,-,-,-,-,-,0,-,-,-,-,+,-,-,1
mb̥,+,+,-,-,0,0,+,-,-,-,-,-,+,-,-,-,-,-,-,-,+,-,-,1
ᵐdz,+,-,-,-,0,-,-,-,-,-,-,-,+,-,+,-,-,-,+,-,+,+,-,1
qχ,-,-,+,-,0,0,0,-,-,-,-,-,-,-,-,-,-,-,-,-,+,-,-,1
ʘq,+,+,+,+,0,0,+,-,-,-,-,-,-,-,-,-,-,-,-,-,+,-,-,1
ps,+,0,-,-,0,-,0,-,-,-,-,-,-,-,0,0,-,-,+,-,+,-,-,1
pv,+,+,-,-,0,0,-,-,-,-,-,-,-,-,-,0,-,-,+,-,+,-,-,1
tˠ,+,-,+,+,0,-,-,-,-,-,-,-,-,-,+,0,-,-,-,-,+,-,-,1
ʘx,+,+,+,+,0,0,+,-,-,-,-,-,-,-,-,-,-,-,-,-,+,-,-,1
pˠ,+,+,+,+,0,0,+,-,-,-,-,-,-,-,-,0,-,-,-,-,+,-,-,1
pˡ,+,+,-,-,0,+,+,-,-,-,-,-,-,-,-,0,-,-,-,-,+,-,-,1
ɡǃkx,+,-,+,+,0,-,-,-,-,-,-,-,-,-,+,-,-,-,-,-,+,+,-,1
ʘn,+,+,+,+,0,0,+,-,-,-,-,-,+,-,-,-,-,-,-,-,+,-,-,1
ʛ,-,-,+,-,0,0,0,-,-,-,-,-,-,-,-,0,+,-,-,-,+,+,-,1
dʒʷ,-,+,-,+,0,-,+,-,-,-,-,-,-,-,+,0,-,-,+,-,+,+,+,1
ɡʘx,+,+,+,+,0,0,+,-,-,-,-,-,-,-,-,-,-,-,-,-,+,+,-,1
b͡ʝ,-,-,-,+,0,0,0,-,-,-,-,-,-,-,-,0,-,-,-,-,+,+,-,1
qʷː,-,+,+,-,0,0,0,+,-,-,-,-,-,-,-,0,-,-,-,-,+,-,+,1
d̪ʒ,0,-,-,0,0,-,+,-,-,-,-,-,-,-,0,0,-,-,+,-,+,+,-,1
ʈʲ,-,-,-,-,0,-,-,-,-,-,-,-,-,-,+,0,-,-,-,-,+,-,-,1
ᵐpʼ,+,+,-,-,0,0,+,-,-,-,-,-,+,-,-,+,+,-,-,-,+,-,-,1
p*,+,+,-,-,0,0,+,-,-,-,-,-,-,-,-,-,-,-,-,-,+,-,-,1
ʈʲʰ,-,-,-,+,0,-,-,-,+,-,-,-,-,-,+,+,-,-,-,-,+,-,-,1
ᵐpʰ,+,+,-,-,0,0,+,-,+,-,-,-,+,-,-,+,-,-,-,-,+,-,-,1
ɡǃx,+,-,+,+,0,-,-,-,-,-,-,-,-,-,+,-,-,-,-,-,+,+,-,1
b͡d,+,0,-,-,0,-,0,-,-,-,-,-,-,-,0,0,-,-,-,-,+,+,-,1
mǂG,-,-,+,+,0,-,+,-,-,-,-,-,+,-,+,-,-,-,-,-,+,-,-,1
ts͡kʷ,+,+,0,0,0,-,0,-,-,-,-,-,-,-,0,0,-,-,+,-,+,-,+,1
ᵐbʲ,+,+,-,+,0,0,+,-,-,-,-,-,+,-,-,-,-,-,-,-,+,+,-,1
ɡ͡bʲ,+,+,+,+,0,0,0,-,-,-,-,-,-,-,-,0,-,-,-,-,+,+,-,1
ɡ͡bʷ,+,+,+,+,0,0,0,-,-,-,-,-,-,-,-,0,-,-,-,-,+,+,+,1
bɮ,+,0,-,-,0,+,0,-,-,-,-,-,-,-,0,0,-,-,-,-,+,+,-,1
pᵐ,+,+,-,-,0,0,+,-,-,-,-,-,+,-,-,0,-,-,-,-,+,-,-,1
n̪t̪ʼ,+,-,-,-,0,-,+,-,-,-,-,-,+,-,+,+,+,-,-,-,+,-,-,1
cˤ,-,-,+,+,0,0,0,-,-,+,-,-,-,-,-,0,-,-,-,-,+,-,-,1
pʰʷ,+,+,-,-,0,0,+,-,+,-,-,-,-,-,-,+,-,-,-,-,+,-,+,1
qˤʼ,-,-,+,-,0,0,0,-,-,+,-,-,-,-,-,+,+,-,-,-,+,-,-,1
qˤʷ,-,+,+,-,0,0,0,-,-,+,-,-,-,-,-,+,-,-,-,-,+,-,+,1
ᵑkxʼ,-,-,+,+,0,0,0,-,-,-,-,-,+,-,-,+,+,-,-,-,+,-,-,1
ǁkxʔ,+,-,+,+,0,+,0,-,-,-,-,-,-,-,+,+,+,-,-,-,+,-,-,1
dzɣw,+,0,0,0,0,-,0,-,-,-,-,-,-,-,0,0,-,-,0,-,+,+,+,1
t̪ⁿ,+,-,-,-,0,-,+,-,-,-,-,-,+,-,+,0,-,-,-,-,+,-,-,1
d̥,+,-,-,-,0,-,-,-,-,-,-,-,-,-,+,0,-,-,-,-,+,-,-,1
ʔǀn,+,-,+,+,0,-,+,-,-,-,-,-,+,-,+,+,+,-,-,-,+,-,-,1
ǁn̥,+,-,+,+,0,+,0,-,-,-,-,-,+,-,+,-,-,-,-,-,+,+,-,1
t̻ɕʰ,-,-,-,0,0,-,+,-,+,-,-,-,-,-,+,+,-,-,+,-,+,-,-,1
tswʰ,+,+,-,-,0,-,-,-,+,-,-,-,-,-,+,+,-,-,+,-,+,-,+,1
ᵑc,-,-,-,+,0,0,0,-,-,-,-,-,+,-,-,0,-,-,-,-,+,-,-,1
ᵑb,+,+,-,-,0,0,+,-,-,-,-,-,+,-,-,+,-,-,-,-,+,+,-,1
t̻ʃ̻,-,-,-,+,0,-,+,-,-,-,-,-,-,-,+,0,-,-,+,-,+,-,-,1
ɓ̥ˠ,+,+,+,+,0,0,+,-,-,-,-,-,-,-,-,0,+,-,-,-,+,-,-,1
nkǀ,+,-,+,+,0,-,+,-,-,-,-,-,0,-,+,0,-,-,-,-,+,-,-,1
ʔt,+,-,-,-,0,-,-,-,-,-,-,-,-,-,+,+,+,-,-,-,+,-,-,1
nkǃ,+,-,+,+,0,-,-,-,-,-,-,-,+,-,+,0,-,-,-,-,+,-,-,1
d̏,+,-,-,-,0,-,-,-,-,-,-,-,-,-,+,+,-,-,-,-,+,+,-,1
ʔp,+,+,-,-,0,0,+,-,-,-,-,-,-,-,-,+,+,-,-,-,+,-,-,1
ǀn̥,+,-,+,+,0,-,+,-,-,-,-,-,+,-,+,-,-,-,-,-,+,-,-,1
qʼˤʷ,-,+,+,-,0,0,0,-,-,+,-,-,-,-,-,+,+,-,-,-,+,-,+,1
ʔk,-,-,+,+,0,0,0,-,-,-,-,-,-,-,-,+,+,-,-,-,+,-,-,1
pʃʼ,-,-,-,0,0,-,+,-,-,-,-,-,-,-,0,+,+,-,+,-,+,-,-,1
t̪s̪ʰʷ,+,+,-,-,0,-,+,-,+,-,-,-,-,-,+,+,-,-,+,-,+,-,+,1
t̪͡k,0,-,0,0,0,-,0,-,-,-,-,-,-,-,0,0,-,-,-,-,+,-,-,1
ʘʔ,+,+,+,+,0,0,+,-,-,-,-,-,-,-,-,+,+,-,-,-,+,-,-,1
ɡǁʰ,+,-,+,+,0,+,0,-,+,-,-,-,-,-,+,+,-,-,-,-,+,+,-,1
t̪͡c,0,-,-,0,0,-,+,-,-,-,-,-,-,-,0,0,-,-,-,-,+,-,-,1
tzʼ,+,-,-,-,0,-,-,-,-,-,-,-,-,-,+,+,+,-,+,-,+,-,-,1
ǂn,-,-,+,+,0,-,+,-,-,-,-,-,+,-,+,-,-,-,-,-,+,-,-,1
ɳɖɽ,-,-,-,-,0,-,-,-,-,-,-,-,+,-,+,-,-,-,-,-,+,+,-,1
kᵑ,-,-,+,+,0,0,0,-,-,-,-,-,+,-,-,0,-,-,-,-,+,-,-,1
tɸʰ,+,0,-,-,0,-,0,-,+,-,-,-,-,-,0,+,-,-,-,-,+,-,-,1
ǂq,-,-,+,+,0,-,+,-,-,-,-,-,-,-,+,-,-,-,-,-,+,-,-,1
qʲ,-,-,-,+,0,0,0,-,-,-,-,-,-,-,-,0,-,-,-,-,+,-,-,1
ʘʰ,+,+,+,+,0,0,+,-,+,-,-,-,-,-,-,+,-,-,-,-,+,-,-,1
ǂx,-,-,+,+,0,-,+,-,-,-,-,-,-,-,+,-,-,-,-,-,+,-,-,1
b͡ç,-,-,-,+,0,0,0,-,-,-,-,-,-,-,-,0,-,-,-,-,+,0,-,1
ɠʷ,-,+,+,+,0,0,0,-,-,-,-,-,-,-,-,0,+,-,-,-,+,+,+,1
b*,+,+,-,-,0,0,+,-,-,-,-,-,-,-,-,-,-,-,-,-,+,+,-,1
dɣw,0,+,0,0,0,-,0,-,-,-,-,-,-,-,0,0,-,-,-,-,+,+,+,1
c̀ɕ,-,-,-,+,0,-,+,-,-,-,-,-,-,-,0,+,-,-,-,-,+,-,-,1
n̪t̪,+,-,-,-,0,-,+,-,-,-,-,-,+,-,+,0,-,-,-,-,+,-,-,1
ɖɽ,-,-,-,-,0,-,-,-,-,-,-,-,-,-,+,0,-,-,-,-,+,+,-,1
tsʰʷ,+,+,-,-,0,-,-,-,+,-,-,-,-,-,+,+,-,-,+,-,+,-,+,1
ⁿtsʼ,+,-,-,-,0,-,-,-,-,-,-,-,+,-,+,+,+,-,+,-,+,-,-,1
ǂʔ,-,-,+,+,0,-,+,-,-,-,-,-,-,-,+,+,+,-,-,-,+,-,-,1
ɡǂkx,-,-,+,+,0,-,+,-,-,-,-,-,-,-,+,-,-,-,-,-,+,+,-,1
lǃ,+,-,+,+,0,+,-,-,-,-,-,-,-,-,+,0,-,-,-,-,+,+,-,1
ɡǀx,+,-,+,+,0,-,+,-,-,-,-,-,-,-,+,-,-,-,-,-,+,+,-,1
bʒ,-,-,-,0,0,-,+,-,-,-,-,-,-,-,0,0,-,-,+,-,+,+,-,1
dˠ,+,-,+,+,0,-,-,-,-,-,-,-,-,-,+,0,-,-,-,-,+,+,-,1
bz,+,0,-,-,0,-,0,-,-,-,-,-,-,-,0,0,-,-,+,-,+,+,-,1
ǃn̥,+,-,+,+,0,-,-,-,-,-,-,-,+,-,+,-,-,-,-,-,+,-,-,1
dzx,+,-,0,0,0,-,0,-,-,-,-,-,-,-,0,-,-,-,0,-,+,0,-,1
ᵐk͡p,+,+,+,+,0,0,0,-,-,-,-,-,+,-,-,0,-,-,-,-,+,-,-,1
t̪̀,+,-,-,-,0,-,+,-,-,-,-,-,-,-,+,+,-,-,-,-,+,-,-,1
ɡʷː,-,+,+,+,0,0,0,+,-,-,-,-,-,-,-,0,-,-,-,-,+,+,+,1
cʷ,-,+,-,+,0,0,0,-,-,-,-,-,-,-,-,0,-,-,-,-,+,-,+,1
p͡kʰ,+,+,+,+,0,0,0,-,+,-,-,-,-,-,-,+,-,-,-,-,+,-,-,1
ᵐtʃ,-,-,-,+,0,-,+,-,-,-,-,-,+,-,+,0,-,-,+,-,+,-,-,1
cʃ,-,-,-,+,0,-,+,-,-,-,-,-,-,-,0,0,-,-,+,-,+,-,-,1
ɡǁkx,+,-,+,+,0,+,0,-,-,-,-,-,-,-,+,-,-,-,-,-,+,+,-,1
t̀,+,-,-,-,0,-,-,-,-,-,-,-,-,-,+,+,-,-,-,-,+,-,-,1
ᵑɡ̥,-,-,+,+,0,0,0,-,-,-,-,-,+,-,-,-,-,-,-,-,+,-,-,1
ǁx,+,-,+,+,0,+,0,-,-,-,-,-,-,-,+,-,-,-,-,-,+,-,-,1
ʘkxʔ,+,+,+,+,0,0,+,-,-,-,-,-,-,-,-,+,+,-,-,-,+,-,-,1
ǁq,+,-,+,+,0,+,0,-,-,-,-,-,-,-,+,-,-,-,-,-,+,-,-,1
ǁn,+,-,+,+,0,+,0,-,-,-,-,-,+,-,+,-,-,-,-,-,+,+,-,1
ɠ̥,-,-,+,+,0,0,0,-,-,-,-,-,-,-,-,-,+,-,-,-,+,-,-,1
p̀,+,+,-,-,0,0,+,-,-,-,-,-,-,-,-,+,-,-,-,-,+,-,-,1
t̺s̺ʲ,+,-,-,+,0,-,+,-,-,-,-,-,-,-,+,0,-,-,+,-,+,-,-,1
ɡǀkx,+,-,+,+,0,-,+,-,-,-,-,-,-,-,+,-,-,-,-,-,+,+,-,1
p͡ts,+,0,-,-,0,-,0,-,-,-,-,-,-,-,0,0,-,-,+,-,+,-,-,1
tʲʼ,+,-,-,+,0,-,-,-,-,-,-,-,-,-,+,+,+,-,-,-,+,-,-,1
qʷʼ,-,+,+,-,0,0,0,-,-,-,-,-,-,-,-,+,+,-,-,-,+,-,+,1
tʲʰ,+,-,-,+,0,-,-,-,+,-,-,-,-,-,+,+,-,-,-,-,+,-,-,1
ǀqʰ,+,-,+,+,0,-,+,-,+,-,-,-,-,-,+,-,-,-,-,-,+,-,-,1
ʃtʃ,-,-,-,+,0,-,+,-,-,-,-,-,-,-,+,0,-,-,-,-,+,-,-,1
kʷʱ,-,+,+,+,0,0,0,-,-,-,-,-,-,-,-,0,-,-,-,-,+,-,+,1
ɡ͡p,+,+,+,+,0,0,0,-,-,-,-,-,-,-,-,0,-,-,-,-,+,0,-,1
ǀqʔ,+,-,+,+,0,-,+,-,-,-,-,-,-,-,+,+,+,-,-,-,+,-,-,1
pʼˤ,+,+,+,-,0,0,+,-,-,+,-,-,-,-,-,+,+,-,-,-,+,-,-,1
dʒʲ,-,-,-,+,0,-,+,-,-,-,-,-,-,-,+,0,-,-,+,-,+,+,-,1
ǂqʰ,-,-,+,+,0,-,+,-,+,-,-,-,-,-,+,-,-,-,-,-,+,-,-,1
qʼˤ,-,-,+,-,0,0,0,-,-,+,-,-,-,-,-,+,+,-,-,-,+,-,-,1
ʔǃn,+,-,+,+,0,-,-,-,-,-,-,-,+,-,+,+,+,-,-,-,+,-,-,1
